plant,cut length (m),primary_length (m),k (10-9 m/s/MPa),_length (m),surface (m2),Jv (uL/s),Jexp (uL/s)
Exp05_P13.txt,0.0,0.299,37.32,0.9540000000000001,0.0017960855908505807,0.03375479807733114,0.0052819444444444
Exp05_P13.txt,0.03909826599999999,0.259901734,37.32,0.913,0.0016634161330894826,0.09547019041572398,0.0099763888888888
Exp05_P13.txt,0.083459009,0.215540991,37.32,0.869,0.001521039154028792,0.12363337939659963,0.0115597222222222
Exp05_P13.txt,0.12376177899999999,0.175238221,37.32,0.8290000000000001,0.0013916055367008914,0.15214821754576224,0.0159486111111111
Exp05_P13.txt,0.156760449,0.142239551,37.32,0.772,0.0012545353359506468,0.1865741676271684,0.0141152777777778
Exp05_P13.txt,0.18983452,0.10916548,37.32,0.68,0.0010732959132872615,0.24288821358374285,0.0187263888888889
