plant,cut length (m),primary_length (m),k (10-9 m/s/MPa),_length (m),surface (m2),Jv (uL/s),Jexp (uL/s),x,K 1st,K optimized
Exp03_P2.txt,0.0,0.434,163.1427258817501,3.979,0.005643500494241343,0.10180441254805697,0.0986666666666667,0.0,0.0002301,0.00035168337609359473
Exp03_P2.txt,0.06230000000000002,0.3717,163.1427258817501,3.915,0.005432385467920032,0.10180619039667468,0.105333333333333,0.06,0.0002266,0.000723362587070897
Exp03_P2.txt,0.13740000000000002,0.2966,163.1427258817501,3.829,0.005171922304196114,0.10184200175243444,0.101444444444444,0.13,0.0223,0.0018260698776471158
Exp03_P2.txt,0.1847,0.2493,163.1427258817501,3.694,0.004912382768712372,0.10365092149187433,0.103666666666667,0.18,0.02196,0.0003260698776471161
Exp03_P2.txt,0.2305,0.2035,163.1427258817501,3.468,0.0045468898793936275,0.11950857143561183,0.1195,0.23,0.02172,0.007369106142648505
Exp03_P2.txt,0.2982,0.1358,163.1427258817501,2.947,0.0037846326874823354,0.1847786790611851,0.184777777777778,0.29,0.02577,0.04868957120388323
,,,,,,,,0.43,0.1954,0.15426977187944818
