plant,cut length (m),primary_length (m),k (10-9 m/s/MPa),_length (m),surface (m2),Jv (uL/s),Jexp (uL/s),x,K 1st,K optimized
Exp03_P2.txt,0.0,0.434,160.20791606445044,3.979,0.005643500494241343,0.10249510055582152,0.1,0.0,0.0002301,0.00019860814755705004
Exp03_P2.txt,0.064,0.37,160.20791606445044,3.9130000000000003,0.005425788123347491,0.10249511094979373,0.11,0.06,0.0002266,0.001592745919582677
Exp03_P2.txt,0.134,0.3,160.20791606445044,3.835,0.005185380887124098,0.10249520059268012,0.1,0.13,0.0223,0.0020623271298071543
Exp03_P2.txt,0.184,0.25,160.20791606445044,3.694,0.004912382768712372,0.10249703472863049,0.1,0.18,0.02196,0.0005623271298071544
Exp03_P2.txt,0.23399999999999999,0.2,160.20791606445044,3.45,0.0045170698819257445,0.12002125882468624,0.12,0.23,0.02172,7.431050865335975e-05
Exp03_P2.txt,0.294,0.14,160.20791606445044,2.998,0.003853640911711085,0.18000071691249506,0.18,0.29,0.02577,0.047334564721051235
,,,,,,,,0.43,0.1954,0.15264681588725865
